,id,pool-id,user-id,fee-liquidated,liquidated-collateral-for-free,date,method
0,0xe68311207f0d250ff8dea862bc98fd8276f2bc2bb460c3990173feb212d6de78:10,0x24a42fd28c976a61df5d00d0599c34c4f90748c8,0x5e46f0d1b3e1cf21d584fb557f98eb3ea4a19059,800000000000000,2123320584305,2022-06-20 13:48:57,origination-fee-liquidation
1,0x9d87ca9517b59a49844b6946fc85f58cbf461f4177f6a4e3caf33e85bf9c8722:10,0x24a42fd28c976a61df5d00d0599c34c4f90748c8,0x79e531f50f55e05b1fa8c9356c2805f603f5b70d,340,373038619828,2022-06-19 04:31:03,origination-fee-liquidation
2,0xa5f677d0349707b75c76c674a34ebb5974af79c859e55da0ff90782a0af8cc0c:10,0x24a42fd28c976a61df5d00d0599c34c4f90748c8,0x65f68f68c04f95a3f226fe1a6b6b956548963cb8,200000000000000,1,2022-06-18 21:47:25,origination-fee-liquidation
3,0x1b9c8548ed0fa8a7d6092e45b4f67d6061041d93c6e4e7da92f0924dadaca6ec:10,0x24a42fd28c976a61df5d00d0599c34c4f90748c8,0xb52d61cf08c7528f456234234c65bda96f49080c,1,354604836539,2022-06-18 20:24:10,origination-fee-liquidation
4,0x7c729042baa05058e65b5de26d6ecea2d3cf8e4de743d046158bcccc4ca9a409:10,0x24a42fd28c976a61df5d00d0599c34c4f90748c8,0xa26e2441b2a4b0962ff3f3e7b6b160aac7872d10,160,0,2022-06-17 00:53:17,origination-fee-liquidation
5,0xee7b0f71435b34f4f0bf024a47cc18ceefb96089d5b592e0f9eca53e509b2e31:10,0x24a42fd28c976a61df5d00d0599c34c4f90748c8,0x3f5f4aedba5b7ffc27902f89824c61be40ee37d5,100,139881258727,2022-06-16 09:27:11,origination-fee-liquidation
6,0x8d934f68de3fbb05c7ab46550249efa63a877d5d54e60dc7e86d0aaaee982a56:10,0x24a42fd28c976a61df5d00d0599c34c4f90748c8,0xbafed9388b41abc865c68a7eac01e13ac7f082f9,80,0,2022-06-16 09:27:11,origination-fee-liquidation
7,0x0fcadb3ed27d20af62490549f749ba56e41319a2884ccf2399e7638755207024:10,0x24a42fd28c976a61df5d00d0599c34c4f90748c8,0x39541c578c195985712f6719dba410dea3b472a9,5100000000000000,5142686272214,2022-06-15 11:02:52,origination-fee-liquidation
8,0x531d964e23ee64a309d4845e174693a814d6a48dd4d3648dfc4378e84cab512b:10,0x24a42fd28c976a61df5d00d0599c34c4f90748c8,0xbbbf48ce72e83420e5408e80a73d61c540b1a9c8,592402,597018746068731,2022-06-15 10:50:23,origination-fee-liquidation
9,0x5eb802ad056ec3a71f85f80fd6d94d4a6655d5111c1a5b3db14fcea7a75fb539:10,0x24a42fd28c976a61df5d00d0599c34c4f90748c8,0xd9a08adef10f3ee568a30880c3f4bcea9335a09f,200,171931200000,2022-06-14 09:16:32,origination-fee-liquidation
10,0xd51c1cbf3b9a78a6619124e37acd21172f54dc1d2222342169207c4efd70bf13:10,0x24a42fd28c976a61df5d00d0599c34c4f90748c8,0x304b9ae195211778778d0caf07937b11929ba58b,1000,204634461424874,2022-06-13 13:30:33,origination-fee-liquidation
11,0x4b1726340ef5298011140f620026c7baa323a68a232806a1b3d74fab2e80de06:10,0x24a42fd28c976a61df5d00d0599c34c4f90748c8,0x94141ffd2af58dd11f5c390815bbc390e30282fb,6575,5822700969487,2022-06-13 13:28:32,origination-fee-liquidation
12,0x9896abc9be00a9360a1d798441bbbd58136c1c3fb70b72f8287f733953c0ba02:10,0x24a42fd28c976a61df5d00d0599c34c4f90748c8,0xdad9396be1f733a3395a5628a98645f7c855a4dd,500,100627257899880,2022-06-13 13:13:05,origination-fee-liquidation
13,0xeae47234ff7c9c2ff8d9eb204b834539f8ff909c639bc35c076470d4184e2135:10,0x24a42fd28c976a61df5d00d0599c34c4f90748c8,0x1f0aeaee69468727ba258b0cf692e6bfecc2e286,30000,6081042757429821,2022-06-13 11:02:15,origination-fee-liquidation
14,0xbfd1eccbaea0f6d523b6b345f597cbec0549120520968eb544718e1d65928267:10,0x24a42fd28c976a61df5d00d0599c34c4f90748c8,0xbe9c45d2b35e6786ee02cd9b6e53175477003584,3000000000000000,2442856500000,2022-06-13 10:01:39,origination-fee-liquidation
15,0x7efa150f21d6f0876ba201f7ae2077e27a786271ce160b7fd87b0cf8bbc5fd8c:10,0x24a42fd28c976a61df5d00d0599c34c4f90748c8,0x5d8a0dbb99e46fe5e06c98d3883e5f030f124e26,1000,794568157570,2022-06-13 08:08:20,origination-fee-liquidation
16,0x2fd87c8ac4e255763b43b61e95526aa04ae40844fcd92fb7b6ba8ad31251a1e6:10,0x24a42fd28c976a61df5d00d0599c34c4f90748c8,0x1ad8f000063ffc26385bf341f0063d680b4f96f4,1450,1140436709475,2022-06-13 07:59:28,origination-fee-liquidation
17,0xba50a6ebf11f2f7da77603593bbe8542e57d2c42a63b1441919caf74cfb349e3:10,0x24a42fd28c976a61df5d00d0599c34c4f90748c8,0x59ce3a5d2dcefdd051e45f8b6feda0c13d48e747,1000000000000000,764578423696,2022-06-13 06:44:53,origination-fee-liquidation
18,0x8865d36c27826eb8c5873b0ed2a7b25c3b2ddb477a6d068f7c61c314e453484c:10,0x24a42fd28c976a61df5d00d0599c34c4f90748c8,0xbe9c45d2b35e6786ee02cd9b6e53175477003584,4000000000000000,3095684340000,2022-06-13 03:56:37,origination-fee-liquidation
19,0x3512e186dcdd88cc6cc1f7896366b03269e540cc31b397fc730f4f1b41af33c5:10,0x24a42fd28c976a61df5d00d0599c34c4f90748c8,0x35dd029618f4e1835008da21fd98850c776453f0,13000000000000000,10000022741721,2022-06-13 03:49:58,origination-fee-liquidation
20,0x94356c2afa36476f643be51c89b24059319f11a5bf1b93d30181422ebefdd67c:10,0x24a42fd28c976a61df5d00d0599c34c4f90748c8,0x35dd029618f4e1835008da21fd98850c776453f0,8000000000000000,6022548000000,2022-06-13 03:15:53,origination-fee-liquidation
21,0x14cae863d897b29b0925e2030c2a8b2d1ca52c7078e9f25f4be087d385771fee:10,0x24a42fd28c976a61df5d00d0599c34c4f90748c8,0x1867168adf4640d3c0e49074a8ff94ba80a029b6,500,365295000000,2022-06-12 08:07:55,origination-fee-liquidation
22,0x8c9e325ef2b663e7a1dfec1f60df2569f07625e6f5af9b71d44046988e17a487:10,0x24a42fd28c976a61df5d00d0599c34c4f90748c8,0x39541c578c195985712f6719dba410dea3b472a9,35500000000000000,25765934843250,2022-06-12 07:58:55,origination-fee-liquidation
23,0x11a517b3c5bc11fc9fb00a8d48dcf223f9370ac8ef274b1c04f8b3159b1c2625:10,0x24a42fd28c976a61df5d00d0599c34c4f90748c8,0x59a58f0f2002f2f3231799b2b929dc6e1950b647,200,284189532577019,2022-06-12 05:38:50,origination-fee-liquidation
24,0x05c2c3ecffd2f630132156733d6470433005d450070fe31f89a8814b07f4af1f:10,0x24a42fd28c976a61df5d00d0599c34c4f90748c8,0xefad6fb4074f7445955fb8d1b5f8fa1b24b6e245,500,360503982543,2022-06-12 05:31:34,origination-fee-liquidation
25,0xaa43ab41ee4c72bab16591a44f305e8d26374c06b65ca90d98d6dab92acea210:10,0x24a42fd28c976a61df5d00d0599c34c4f90748c8,0x0675182195661f8fb984f61c98842628382702a0,250,0,2022-06-12 04:07:40,origination-fee-liquidation
26,0x6cb384fe1dbb17c44da0dfc57abfc003a4713393942f2ecca86b86a975a7e469:10,0x24a42fd28c976a61df5d00d0599c34c4f90748c8,0xefad6fb4074f7445955fb8d1b5f8fa1b24b6e245,500000000000000,341988747036,2022-06-11 23:14:09,origination-fee-liquidation
27,0x79b3a9d607b7d4fba556604fcca2c5aac78227f6e5ba8d32f119abecc0da189a:10,0x24a42fd28c976a61df5d00d0599c34c4f90748c8,0xa836e38bab7e5e42a29f42e547ef1663c503543d,3000,1999565343990,2022-06-11 14:26:05,origination-fee-liquidation
28,0xa494396524a4cf486546fc491cf83116649c9974e844bb87211e6b745ec7c948:10,0x24a42fd28c976a61df5d00d0599c34c4f90748c8,0xefad6fb4074f7445955fb8d1b5f8fa1b24b6e245,630,416482973235,2022-06-11 11:30:20,origination-fee-liquidation
29,0x5f73b7ec23237aaaff5372cc4f5bcafe185d29291bbc2560d27ea9343507d7b4:10,0x24a42fd28c976a61df5d00d0599c34c4f90748c8,0x0db0aa71e2bdb0e4ae0ea3cfb04e06d42ab3e66e,1050000000000000,693766468623,2022-06-11 11:12:23,origination-fee-liquidation
30,0xa29c27fe061113ec5b304a45c6cbe2d92785bc86d3aa7b7ca387129f3071fceb:10,0x24a42fd28c976a61df5d00d0599c34c4f90748c8,0x2024e3b7d91b60672ae39654d2883423fa979265,36631606130290,190264671864,2022-06-11 09:29:29,origination-fee-liquidation
31,0x52c0462b6884a2af34f0fef2d5735ca7c6d4a74628e719dc0ca92445916bd0c8:10,0x24a42fd28c976a61df5d00d0599c34c4f90748c8,0xa8050837c1c66da6a07045d6c6ce4c452c83897a,100000,17153270790248365,2022-05-29 08:34:26,origination-fee-liquidation
32,0x091d80157bb56e6249798359bd66cd3af42667eca4b39a1d02b1dcf106effd7b:10,0x24a42fd28c976a61df5d00d0599c34c4f90748c8,0x7151fc80479cae33a33397a507257ff70dada0a1,77,0,2022-05-29 08:31:40,origination-fee-liquidation
33,0xdf8241f7c859fbef9f3d0d4ac87828eab1ffb8cdc6ab50ff38b5c8264e19a4b6:10,0x24a42fd28c976a61df5d00d0599c34c4f90748c8,0x88229d404750b5b31c09d3993a453dca354c3289,198751244054542,117524766652,2022-05-29 08:30:39,origination-fee-liquidation
34,0x0f5ce0f60a31ade86e3a450fa3c7a20baf26486d7fc7ac237051378cab3a273b:10,0x24a42fd28c976a61df5d00d0599c34c4f90748c8,0x86683cb61bb9ebb8893db3b82271166879c2502d,100,58859956151,2022-05-29 08:27:20,origination-fee-liquidation
35,0x802f61a0924f27574728f4a3b6ec744c858ead5bef393eb73fa7a58cf9e5fb86:10,0x7fd53085b9a29d236235d6fc593b47c9c33429f1,0xa0bb038a8981fc526fecf3fcea8701312d932e86,5455242,4049165897752082,2022-05-28 07:51:32,origination-fee-liquidation
36,0x75d94708901cad4b30504c6027c78173a65b87d18493b33b6baa9a4242de1a63:10,0x24a42fd28c976a61df5d00d0599c34c4f90748c8,0x622a24c72e7810272d026b70f7ed08ff8db93af6,499180515390361,301146697142,2022-05-28 03:40:18,origination-fee-liquidation
37,0x5853fb20fd8e923af7fea2d4f7021765348d30c49938f716821da72eb04dba44:10,0x24a42fd28c976a61df5d00d0599c34c4f90748c8,0x90b30f9387d67a1f722a600029d2f7615c2e0e70,260000000000000,155955757230,2022-05-28 03:40:18,origination-fee-liquidation
38,0xa20d8ca226e47e75f4fbc2230a539cf0a9854c264c2572a03f31a6cc20c4617b:10,0x24a42fd28c976a61df5d00d0599c34c4f90748c8,0x440efbba3f3d971fd8411c580197ecb53ef71f87,2750,480146853125176,2022-05-27 07:45:01,origination-fee-liquidation
39,0xf31ae6a265f0d7b70f85d62a8a64fd1b8c2d4ba81114d28412ea9247cb38d5f9:10,0x24a42fd28c976a61df5d00d0599c34c4f90748c8,0x59ce3a5d2dcefdd051e45f8b6feda0c13d48e747,2725,1591517161297,2022-05-26 15:10:54,origination-fee-liquidation
40,0x7ccec59e391c0eaed7aa63ca7cdc7a6fff0e4105d527cb2ccb538e2f63f2e0f3:10,0x24a42fd28c976a61df5d00d0599c34c4f90748c8,0x09d3d3b086257940ccf4d7cb20a3e580730afb80,300,51216039565784,2022-05-26 13:11:13,origination-fee-liquidation
41,0xa86162a1d7c8746a9b31f37dc0d3b4f9e5df60b33d46937ee327f011b18aa810:10,0x24a42fd28c976a61df5d00d0599c34c4f90748c8,0x622a24c72e7810272d026b70f7ed08ff8db93af6,819484609639,131239377980,2022-05-24 16:18:20,origination-fee-liquidation
42,0xaa89e0d691ecd3495c94ed65ab1b7cf64a275153bc8713d3b366dd9c80a17d58:10,0x24a42fd28c976a61df5d00d0599c34c4f90748c8,0xb3866f8b4bf5a9bf6c44823e2795f9592a287cbb,127,200466006516272,2022-05-22 10:20:29,origination-fee-liquidation
43,0x55ad633e105021e777dc30a904db22a11d4a11ac85fd2518dad9058abfe57529:10,0x24a42fd28c976a61df5d00d0599c34c4f90748c8,0x165f1a77c9861b8b943a9b60e9e7503076fd8d84,250,1881183724529249,2022-05-22 10:20:29,origination-fee-liquidation
44,0x7820f428027b8152d43a0b225a1b14a096b59b315ec8f59ea00da472ad2e8d57:10,0x24a42fd28c976a61df5d00d0599c34c4f90748c8,0x5bde4e0d2588883d22e2c6c57cb3d54b1761de74,45000000000000,7016393177208,2022-05-22 09:54:02,origination-fee-liquidation
45,0x92ccf2c7ec77c5cc3261db178ec8a869abe7e60130fd7a783b956b60a9086802:10,0x24a42fd28c976a61df5d00d0599c34c4f90748c8,0x8d8d912fe4db5917da92d14fea05225b803c359c,88718827473127,46990991596,2022-05-22 09:48:11,origination-fee-liquidation
46,0x8fd4335625998dc00d598a701303aab5890ab2e227145388d5596237c2b50ee9:10,0x24a42fd28c976a61df5d00d0599c34c4f90748c8,0xee61bfbfa070384c4b2c0bd5bf15c7cb82acff5a,445,71868507727935,2022-05-19 03:49:02,origination-fee-liquidation
47,0x238e65296cecab552f5442f08b977c79189eb0a9f800caf362d2f5531c9243b6:10,0x24a42fd28c976a61df5d00d0599c34c4f90748c8,0x59fda61db76076d56f568799a8a904cc64ba18bb,132300000000000,20706038895699,2022-05-14 22:23:17,origination-fee-liquidation
48,0x265eddb0add21f0cacd260df63cf46f4e172cd88c638189a34000dcd714f331c:10,0x24a42fd28c976a61df5d00d0599c34c4f90748c8,0x86683cb61bb9ebb8893db3b82271166879c2502d,180000000000000,95012961451,2022-05-14 21:55:07,origination-fee-liquidation
49,0x95c6d2cd07fe7967c1d69cacc261c836e2b736657691ebc068d4af999e121a60:10,0x24a42fd28c976a61df5d00d0599c34c4f90748c8,0x539af9c5a4716c48ccf39a9687d54cb13277cc3e,659,107969240769430,2022-05-14 13:44:42,origination-fee-liquidation
50,0x52cc03855c0a465da8ad77d11d2cc6b6076cdb4c35ea94372e455251c7806875:10,0x24a42fd28c976a61df5d00d0599c34c4f90748c8,0x23a234303c552e8145d069dadb4d73a86edbfe42,200,304469325851957,2022-05-14 07:50:47,origination-fee-liquidation
51,0x61302fd5dd202c6122820ad418d4894732a5303e6f82493a304ea00313a0f04c:10,0x24a42fd28c976a61df5d00d0599c34c4f90748c8,0x0675182195661f8fb984f61c98842628382702a0,250,0,2022-05-14 07:48:21,origination-fee-liquidation
52,0x9c743c63c91a994f450c9739e12b9c64b5398a2052a7aa954c44ace99f17bc46:10,0x24a42fd28c976a61df5d00d0599c34c4f90748c8,0x3ed008692f29be640dae5428286776ceece3522a,9300000000000000,76384525502749031,2022-05-12 13:51:19,origination-fee-liquidation
53,0x92123459bca14ebe23aadc3d2997ada930d4f5c35a1667adde882529993dfd21:10,0x24a42fd28c976a61df5d00d0599c34c4f90748c8,0xd24503a41aa9799ecd2f1131c2237e69d2dfa070,2500,10,2022-05-12 09:18:55,origination-fee-liquidation
54,0x4613d135e11e0766ee1f50800fdc444599c64b4db66b76c440787d4a2642e0bd:10,0x24a42fd28c976a61df5d00d0599c34c4f90748c8,0xc20f93173e270ecf5f05c72596b4b7bfc020788c,13721,7704664149315,2022-05-12 08:42:30,origination-fee-liquidation
55,0xfe05013c1379d08851b0686f7163a1ff3942799960f2c05f7aca21703f67d2f5:10,0x24a42fd28c976a61df5d00d0599c34c4f90748c8,0x738726961dabef11514ec9b75e0665ee0050ebc4,825,467833214688,2022-05-12 07:10:02,origination-fee-liquidation
56,0x70f8056cd8a8a4f81c5ce07afc2b3dd682aae29a49b2dd809e7e769e985107f8:10,0x24a42fd28c976a61df5d00d0599c34c4f90748c8,0xc20f93173e270ecf5f05c72596b4b7bfc020788c,479,2,2022-05-12 07:07:54,origination-fee-liquidation
57,0x430f371ecc9a0decec65c132a10f78c58b9e44b8bb2b2da3237bb9ff9735cbca:10,0x24a42fd28c976a61df5d00d0599c34c4f90748c8,0xbe9c45d2b35e6786ee02cd9b6e53175477003584,46500000000000000,25815346783339,2022-05-12 06:26:52,origination-fee-liquidation
58,0x81496b8b2ffd7bf949090eb70f18478d02fbccce68a187e39c093343a9a21025:10,0x24a42fd28c976a61df5d00d0599c34c4f90748c8,0xd8fa396257ca6614c9976b695c68c8c6a428a8b4,12750,2276892813428460,2022-05-12 06:25:57,origination-fee-liquidation
59,0x9657fa3182cc3a0014dc8a57bf32106ef0d8e77a0794ca35cc49492314b6eefa:10,0x24a42fd28c976a61df5d00d0599c34c4f90748c8,0x971463f9046bbff53302781f5e6f1041a32d11ad,1900,6,2022-05-12 06:12:25,origination-fee-liquidation
60,0x20fe72ec92dbce9ac37d8e2969d9110f0263494ded0854ada2244413ea0104e4:10,0x24a42fd28c976a61df5d00d0599c34c4f90748c8,0x1867168adf4640d3c0e49074a8ff94ba80a029b6,1000000000000000,531148275757,2022-05-12 06:06:38,origination-fee-liquidation
61,0x6a816a9a71a90b03803caaeaeb75e97d5b2a041cb8d01abfbfefef5ae2bb06df:10,0x24a42fd28c976a61df5d00d0599c34c4f90748c8,0xf361456b145ac78bce5cd0f2cfa41fe9bd731a2c,2695000000000000,1438695038844,2022-05-12 06:03:01,origination-fee-liquidation
62,0x1ffda9392bf99336fbbbaf25b40f6d6756bcf75e79117ce0432b1a0baea3fe32:10,0x24a42fd28c976a61df5d00d0599c34c4f90748c8,0xe8d5dc2c15532e738abf4e880546b105269c6933,11000,43,2022-05-12 05:59:46,origination-fee-liquidation
63,0x5cd1f95da58d0005c90b1ffd2efe074d15fa0184ecbc67e17705fe3b2f119f7c:10,0x24a42fd28c976a61df5d00d0599c34c4f90748c8,0xdad9396be1f733a3395a5628a98645f7c855a4dd,1300,211358655166630,2022-05-12 04:43:31,origination-fee-liquidation
64,0x9f3788d4f7010e1ac08d114e3b5ed6796ba8163586a1a33ef6fb83dafaead3ae:10,0x24a42fd28c976a61df5d00d0599c34c4f90748c8,0x2fa2fd057e73c22264c52addf5ed9d520fe01f4f,5000000000000000,14407791727003646,2022-05-12 03:40:40,origination-fee-liquidation
65,0x45b6ee55585e367e560129dc5e16ab40acf5175d8151224d8b56dac7795863b5:10,0x24a42fd28c976a61df5d00d0599c34c4f90748c8,0x622a24c72e7810272d026b70f7ed08ff8db93af6,702473794734067,2,2022-05-12 01:21:08,origination-fee-liquidation
66,0x0da8e6ae264dd98de5910a7702fec3b48d58a19b7b8024b76208f4e4b36fe2b7:10,0x24a42fd28c976a61df5d00d0599c34c4f90748c8,0x6e5b6a37ec6953fb25bbd7469a9cac0869e8d118,732302398388678,72534378279,2022-05-12 01:04:07,origination-fee-liquidation
67,0x874d36d5dbb7cff92168593baeb3713be93cd69f4b7fdbd59eac3babd0d6639f:10,0x24a42fd28c976a61df5d00d0599c34c4f90748c8,0x3ed008692f29be640dae5428286776ceece3522a,6000,46242979837571368,2022-05-11 23:33:04,origination-fee-liquidation
68,0x8ca336683fcd47c1f1d4013ae017ccdd09cc090294a20e8ea86334ae08d145fc:10,0x24a42fd28c976a61df5d00d0599c34c4f90748c8,0x532bfa53ca4bfb6362a717bd68ce5aa94b3d4287,4500000000000000,2248401361500,2022-05-11 21:51:02,origination-fee-liquidation
69,0x587830a824723c08568e0bd8550a369b2ef076b0e6203621f8e81637332208e6:10,0x24a42fd28c976a61df5d00d0599c34c4f90748c8,0xcf2db24e539b9d7ae55862409f8ccfecb0267668,96836722097,101678558201,2022-05-11 21:46:08,origination-fee-liquidation
70,0x79271b91273194c7e71f5bd21c7d0678b3d8ababecc23d0ba860fea6208bcb52:10,0x24a42fd28c976a61df5d00d0599c34c4f90748c8,0xfaa0768bde629806739c3a4620656c5d26f44ef2,304631983,46297111922226101838,2022-05-11 14:52:36,origination-fee-liquidation
71,0x9804c398b50167c0241cb766f4077ecd9b61cbe32cb6a6f45b469933727aee5a:10,0x24a42fd28c976a61df5d00d0599c34c4f90748c8,0x8ae928cb080aa43a50393cd08de208ef2b1bb86a,8939490457244612,21148118611209600253,2022-05-11 07:35:57,origination-fee-liquidation
72,0x37453959b93ba4ff6d4c1df5f308690026fac9f3849cf590a85576e4eea8c20b:10,0x24a42fd28c976a61df5d00d0599c34c4f90748c8,0xb99c097883d7e037895c339ce14b3251ead70279,6102,842169166833890,2022-05-10 02:34:47,origination-fee-liquidation
73,0x5fc9a37039b76bacb8d97cbe4e9d0fdd741c05f3a03f8b2562a4464e70f79769:10,0x24a42fd28c976a61df5d00d0599c34c4f90748c8,0x9113593ec89755e3af96828a6314038a3edf6ac8,1110,152295718502946,2022-05-10 02:30:12,origination-fee-liquidation
74,0xa2497c86cf05a0ae116da3ab31b57b865f4da44f6bb23c512c4a9fd599a61f59:10,0x24a42fd28c976a61df5d00d0599c34c4f90748c8,0xfaa0768bde629806739c3a4620656c5d26f44ef2,1520280,5724,2022-05-10 02:12:06,origination-fee-liquidation
75,0x3583ab51d2049968c0f0d3143fd22b6ddb4ff27cdce688117476a0841a02018a:10,0x24a42fd28c976a61df5d00d0599c34c4f90748c8,0x2383453c86472b239940222fc76aa28d9290b56c,521,67743907190000,2022-05-10 01:41:11,origination-fee-liquidation
76,0x1df18cd79372eb4ae1a2cab287082e68d2c52c9337da4fbfc600fc50efff37b7:10,0x24a42fd28c976a61df5d00d0599c34c4f90748c8,0x0db15b403ae023b1c9b07e95d9294710514292ac,230000000000000,97961929044,2022-05-09 07:12:40,origination-fee-liquidation
77,0x5d32fa559dcbc631b02df03ef26937803a4ad04728ff4afe2d0d0f7d7a9de610:10,0x24a42fd28c976a61df5d00d0599c34c4f90748c8,0xccaaa3fecdd625cb4e0edc2728121011caede655,474125545546175,52121470836827,2022-05-08 04:08:56,origination-fee-liquidation
78,0x36d56565e366a375dc59b408b72fab176aefafdd5ad67628c26f9964f6cc9d3b:10,0x24a42fd28c976a61df5d00d0599c34c4f90748c8,0x3f375ddb3e07262d48b3fa79489297ce573e35c4,630,1,2022-05-08 00:57:00,origination-fee-liquidation
79,0xa09759cb77f743d07aa1281d5f0a85afc07426c758e9f296f9a00d13835b1782:10,0x24a42fd28c976a61df5d00d0599c34c4f90748c8,0x19654fbe6b0d05a68c3fadb833ce1fdc66f98b77,3449,1369383121000,2022-05-07 23:57:38,origination-fee-liquidation
80,0xb562dc624d7d0b2032caf404807f9015e9ed14840b4a1009c34c6d37b811aaf9:10,0x24a42fd28c976a61df5d00d0599c34c4f90748c8,0x308fffc68707323d6746d57fd3ebf5c01fa702a1,2000,208461314603897,2022-05-07 19:59:54,origination-fee-liquidation
81,0xde6664654c31bb14169cf9367d2e7a627c37ad058239eb58263a1ad827b730cf:10,0x24a42fd28c976a61df5d00d0599c34c4f90748c8,0xe152bea6dddfe873c44ea076ee079fe2df266ced,1000000000000000,103459414664020,2022-05-06 15:40:36,origination-fee-liquidation
82,0x8e491fad157769f376063418eb8ccedce3436e1060c69423a7ad13bf4e75a579:10,0x24a42fd28c976a61df5d00d0599c34c4f90748c8,0x3f5f4aedba5b7ffc27902f89824c61be40ee37d5,8373073525477085124,6719823350588404,2022-05-06 00:18:09,origination-fee-liquidation
83,0x70dbbc2607fe98491c86e0d72b347e61a662bdea9366c7654a4ec43d376f2150:10,0x24a42fd28c976a61df5d00d0599c34c4f90748c8,0xe9e143978494e75b2b46e0264eae51d703b9de4e,200,74595305208,2022-04-25 10:57:49,origination-fee-liquidation
84,0xe8b8ddebca0126bd39fd68b38d7e06fc70001648babb1039f86872cd4e1d404b:10,0x24a42fd28c976a61df5d00d0599c34c4f90748c8,0x8ca7ed9b02ec1e8beee868a32495ed5b157eee08,630000000000000000,51988800704293223,2022-04-18 09:15:03,origination-fee-liquidation
85,0x57a710071bb614a248d3b5c05aba71a3b52c5a8067d69709e184c5dce60304ba:10,0x24a42fd28c976a61df5d00d0599c34c4f90748c8,0x02eaa99393e802fae56bc7f66634ddb4757a19f0,264056542506983,91463557435,2022-04-15 08:49:08,origination-fee-liquidation
86,0x92cfabdc78eb46ef4af0d6f5bd00895f6f11f6d5e4e19efc2098f4c149ef9cc3:10,0x24a42fd28c976a61df5d00d0599c34c4f90748c8,0x8ca7ed9b02ec1e8beee868a32495ed5b157eee08,40,13885758081,2022-04-15 08:24:16,origination-fee-liquidation
87,0x3c1b2d13366fd086a60a8df5e8feaf4d521e07fae9dcfdd67bcc5a09141180a3:10,0x24a42fd28c976a61df5d00d0599c34c4f90748c8,0x3f375ddb3e07262d48b3fa79489297ce573e35c4,1792,1243615308382895,2022-04-12 00:04:00,origination-fee-liquidation
88,0x6a1f82f385a63432d7a2e2b17f339e9d7bd029531d5e9a051e65caba9a061ec5:10,0x24a42fd28c976a61df5d00d0599c34c4f90748c8,0x04eb04196f16d2d87155c4e5ed4e782c7cb1bbd3,235,16786794221608,2022-04-10 11:53:11,origination-fee-liquidation
89,0x9f7094cde54419cb6e14bde566fc513f3fe789c35c5bb7d20e771b32685f443c:10,0x24a42fd28c976a61df5d00d0599c34c4f90748c8,0x8667dc23ffeb3467a3a15720ab2b9a013bc0db01,513,165663021146,2022-04-10 11:32:22,origination-fee-liquidation
90,0x0d77363ec57ab497bdfd3983836e5415fc5536ce6db9deba70e993bc75021304:10,0x24a42fd28c976a61df5d00d0599c34c4f90748c8,0xa1acaddd259649d470b42c95738e5e89c8d8a233,2999999780023522,13629034677277779613,2022-04-10 10:59:14,origination-fee-liquidation
91,0x19652f003daeee924ec288c54f6388ace888891ca301c76b9801e84e670ff4f6:10,0x24a42fd28c976a61df5d00d0599c34c4f90748c8,0x8d195c2f33b4e946f4acade04ac538f240b2c658,990,405479635547,2022-03-14 14:45:17,origination-fee-liquidation
92,0x31e28335b4c9e5635ea7b71533c7c951da10da7457cd5d39954049e831369fb7:10,0x24a42fd28c976a61df5d00d0599c34c4f90748c8,0x222b1e66858db35c7f86509625d4885121fc30c0,2211212082381,2035207106008,2022-03-10 10:19:43,origination-fee-liquidation
93,0x2bfd615a7d74324f6f6add619c7d652742f09f0df17a55ef9dc0df0099473fdb:10,0x24a42fd28c976a61df5d00d0599c34c4f90748c8,0x2b021afa5eab3d8de29ed8210b33122d0a44fa1e,514,202281195291,2022-03-10 03:02:59,origination-fee-liquidation
94,0xc1dbb7d6b2f1cf345a9a2972c8373af598a9936218c12b93861f4b69d02063eb:10,0x24a42fd28c976a61df5d00d0599c34c4f90748c8,0x722aa48ef7da9dceb77d2db036967cca1f03e657,550,238250952400520,2022-03-04 06:59:43,origination-fee-liquidation
95,0x0cddd5dceb791fe618ea21862b0b760f96725bf00ff79e88e3c8db3167003933:10,0x24a42fd28c976a61df5d00d0599c34c4f90748c8,0xfa65f12e326da4af7895e5fc71f5b383cb8e6624,967687462118830,75241935847794,2022-02-27 03:02:43,origination-fee-liquidation
96,0x6d27e104c504ce5cb9a5978c3881f0aaf518e8e331ea2be87631c04bd0e9fcf6:10,0x24a42fd28c976a61df5d00d0599c34c4f90748c8,0xe98ad7c8eae006c6db602691f1ba9c8a85bbdc3a,400,180230246848,2022-02-24 08:47:11,origination-fee-liquidation
97,0x7de066c62ae4ec9c299487d082895a03675972f2cb73bb34225298c3e00001dd:10,0x24a42fd28c976a61df5d00d0599c34c4f90748c8,0x25f325df67ec7379243af57164b613aebc43d314,1096459433644274,104143064699993,2022-02-24 08:38:04,origination-fee-liquidation
98,0xe4eb41562f6e8ac66095e2bcb662da45686f77a177d2111a6dae2cadead4fdbf:10,0x24a42fd28c976a61df5d00d0599c34c4f90748c8,0xccaaa3fecdd625cb4e0edc2728121011caede655,1194,111907895125989,2022-02-24 07:07:02,origination-fee-liquidation
99,0x9d10321a743c77edbdfe8779a59d2f8c264d6131875f3d579d108034f23e05bc:10,0x24a42fd28c976a61df5d00d0599c34c4f90748c8,0xe152bea6dddfe873c44ea076ee079fe2df266ced,32400000000000000,2851927893700803,2022-02-24 04:43:48,origination-fee-liquidation
100,0x790aa38b95e29afa7769435d2ee2c274b1bbb48e84489e9f3a904fca32a33ab9:10,0x24a42fd28c976a61df5d00d0599c34c4f90748c8,0x381712d37b333164aee06f26293a45339359c140,252,181422164732372,2022-02-20 14:28:33,origination-fee-liquidation
101,0x741fb137108991b859bcfb517482ed9f1b6988472d0fcebe874af91fc1f50cf9:10,0x24a42fd28c976a61df5d00d0599c34c4f90748c8,0x2f6f8ddc3395bc5cb198a7d734ee44eed42ee601,544770008625144,63872224978626,2022-02-20 04:25:31,origination-fee-liquidation
102,0xbf44540b58954c019f224d0c585ce453d477114e779b3acb206ef99837e5121e:10,0x24a42fd28c976a61df5d00d0599c34c4f90748c8,0x8d195c2f33b4e946f4acade04ac538f240b2c658,10,6495383071712,2022-02-17 18:22:20,origination-fee-liquidation
103,0xea7116f09b811562689b2a52ba542fe21cf004e827e8c79a10ab268db805e6f8:10,0x24a42fd28c976a61df5d00d0599c34c4f90748c8,0x02eaa99393e802fae56bc7f66634ddb4757a19f0,926,335215019223,2022-02-12 00:36:02,origination-fee-liquidation
104,0x7e95066adcfb996d28b17491bbc59efe0974330b8cb873c8bbb507dbb4c1e868:10,0x24a42fd28c976a61df5d00d0599c34c4f90748c8,0x37ba0d42fb30c1d86b2ffb0d0ed8caf378163dcb,1162432395567057,435371617272,2022-02-04 09:13:22,origination-fee-liquidation
105,0xb852698aa7f112f195d87e5fddd93bd9764383d80fbc4d394a760e4f56695c42:10,0x24a42fd28c976a61df5d00d0599c34c4f90748c8,0x335247c96c09eec2b86f88fa09a217777a3aaebb,500,1,2022-02-03 09:22:27,origination-fee-liquidation
106,0x834c586af567e28a7ede5a04d3bc59c2df7217e97c047742cb4c9d1715ecd1bf:10,0x24a42fd28c976a61df5d00d0599c34c4f90748c8,0xbb5bea6880ce3a0eb4e0ced19ace5e64a6ed960e,1662,2183995527236323,2022-01-28 13:46:35,origination-fee-liquidation
107,0x1dc5b6746edcdab2ddd93029076c38d23425a4945b09d5720bcd4b98c38c5e16:10,0x24a42fd28c976a61df5d00d0599c34c4f90748c8,0x095e5d0fa083bf92f09e590c899aa962dd1bb5c7,10350000000000000,84518596207512,2022-01-24 13:52:24,origination-fee-liquidation
108,0x2520ffdd126d2616de7aceb5ab5d57f8f9d6b3980c35a11ac2720914a75b25e4:10,0x24a42fd28c976a61df5d00d0599c34c4f90748c8,0x14796e88e8eea7fe5c0de48a4bb74b9ef2526035,651,1,2022-01-24 13:34:29,origination-fee-liquidation
109,0xe2b87ae19ef924ec7d995aff55f319650dee61dcd40b4c874919d23c07e0a288:10,0x24a42fd28c976a61df5d00d0599c34c4f90748c8,0x51b3e05a0cb08d4ce7d7a967aa2292af2cc5ddde,1000,468412741598,2022-01-24 13:13:13,origination-fee-liquidation
110,0x5851b4f7f71be5570443a8a380cc0880826277968ad7bdedb2134c233968c228:10,0x24a42fd28c976a61df5d00d0599c34c4f90748c8,0x19654fbe6b0d05a68c3fadb833ce1fdc66f98b77,7556042199810421,3477039711369,2022-01-24 11:19:07,origination-fee-liquidation
111,0x45857187eced41a48f5a9d87f4927fa851e72d9eb66b56c2ac835c09bb840b4b:10,0x24a42fd28c976a61df5d00d0599c34c4f90748c8,0x09cf25d2bf8691ea5db6c3ad4878cf8f8e1e0046,6553,2879541881929,2022-01-22 11:03:22,origination-fee-liquidation
112,0xf9e948779c536edfbb39c3243127365e58d6cdb00cd970e4612a0ef943811c91:10,0x24a42fd28c976a61df5d00d0599c34c4f90748c8,0x0db0aa71e2bdb0e4ae0ea3cfb04e06d42ab3e66e,1736493697043,1823318381895,2022-01-22 10:50:37,origination-fee-liquidation
113,0xc03501250b3f4001a3013dae73d9f8e740aaa0ab1da81efb5f5e85bc8059f07f:10,0x24a42fd28c976a61df5d00d0599c34c4f90748c8,0x19654fbe6b0d05a68c3fadb833ce1fdc66f98b77,5837,415793772653286,2022-01-22 10:43:46,origination-fee-liquidation
114,0xa0fbede436305818955c59a4d5b93d5d5217a0f1f548ee8bbf7a0884834182ac:10,0x24a42fd28c976a61df5d00d0599c34c4f90748c8,0xe787deec0be77db98a1294193e2c1600c8a8687d,336000,15351732525342,2022-01-22 06:45:21,origination-fee-liquidation
115,0x5190250fb11ba7afccb9ed87cbc0305431214d498db2c299cd7c00da9aadca61:10,0x24a42fd28c976a61df5d00d0599c34c4f90748c8,0xfa65f12e326da4af7895e5fc71f5b383cb8e6624,999900000000000,64911008940819,2022-01-22 06:45:21,origination-fee-liquidation
116,0x4092bac763f06a3ca23e7d17b20a6be06d29c975e14263d91c650e95cd387d7a:10,0x24a42fd28c976a61df5d00d0599c34c4f90748c8,0xa2dcae09e138fe9d1808fb75a749fc36ca82b035,14175,5765832169957,2022-01-21 22:55:26,origination-fee-liquidation
117,0x6112cc4a9b166de8a3a20c05044b85e0d0184a4f25f8de659a17a918f1ce079d:10,0x24a42fd28c976a61df5d00d0599c34c4f90748c8,0x19654fbe6b0d05a68c3fadb833ce1fdc66f98b77,14267,5653986382438,2022-01-21 22:42:31,origination-fee-liquidation
118,0xaf817c403ef26b9282398cda1a97dd1a2bb74cf99e2c5d766d175d8de7f2d6dc:10,0x24a42fd28c976a61df5d00d0599c34c4f90748c8,0xbb5bea6880ce3a0eb4e0ced19ace5e64a6ed960e,2842362582486867,989264508305,2022-01-10 15:15:06,origination-fee-liquidation
119,0x25e6e05244b80dc7de3ae92b79ea5f7ae7084241466055484b846eb3e9372d62:10,0x24a42fd28c976a61df5d00d0599c34c4f90748c8,0x5a072f9e491d098e71beb4cc64a878955dceaa1f,900000000000000,309586497163,2022-01-08 19:06:00,origination-fee-liquidation
120,0x27b899e6c56b259d4e95e8fe43cc0a17cdd519724aed6e2d8fa6a1269ad3e871:10,0x24a42fd28c976a61df5d00d0599c34c4f90748c8,0x3f375ddb3e07262d48b3fa79489297ce573e35c4,1718,566639769192,2022-01-07 05:34:03,origination-fee-liquidation
121,0xb1e2b27e74b14dfd2af8bff93b140712696d4adfae97dcb0b89c9752d8615297:10,0x24a42fd28c976a61df5d00d0599c34c4f90748c8,0x335247c96c09eec2b86f88fa09a217777a3aaebb,694,1,2022-01-06 11:28:52,origination-fee-liquidation
122,0x2e965a504bb642c85b193735e70a81ec94fa95a026b048c5fefaaa93e6643a35:10,0x24a42fd28c976a61df5d00d0599c34c4f90748c8,0x1ec0ae8b30c0347bc2f579a076ad3dba2960e560,1142,2,2022-01-06 00:10:06,origination-fee-liquidation
123,0xa06131b3674a28471e5794e0d1c1c430baa9566ca2fd499c35a1ee8011549613:10,0x24a42fd28c976a61df5d00d0599c34c4f90748c8,0x13dd4c65252274a442428039ae815f3a13e84ff3,60432761957,18615145003716,2021-12-22 05:50:50,origination-fee-liquidation
124,0x26b9337c1c9efba54e5838dbd15e44029194155360efcdd4865579994e9fc2db:10,0x24a42fd28c976a61df5d00d0599c34c4f90748c8,0x86fd9b8243abb944bca16e69344756fd2501cf45,231,65587540441,2021-12-15 18:47:23,origination-fee-liquidation
125,0x721db6d1e31e9e206579e2f806b7ff34a61232c460514db43d8b800ca585338a:10,0x24a42fd28c976a61df5d00d0599c34c4f90748c8,0x8d195c2f33b4e946f4acade04ac538f240b2c658,3300000000000000,934142351527,2021-12-13 20:44:53,origination-fee-liquidation
126,0x32c5ae30e7d2bcb508a74bc6ba48fdb631268bd52fa83b8100d987a3dc51c5d6:10,0x24a42fd28c976a61df5d00d0599c34c4f90748c8,0x8ed591ff208e9116d558b15c34bfd9c2562b41e4,584249,161978428523691,2021-12-13 17:27:49,origination-fee-liquidation
127,0x3add8c786910267215b607e95e6c2cc91fa9f37b08854ad852f4fffbdf430378:10,0x24a42fd28c976a61df5d00d0599c34c4f90748c8,0x05fe314d744469227bd42c36ae435c5602307d14,97,5484812130983,2021-12-12 13:54:17,origination-fee-liquidation
128,0x3b32756b2c94e2b9f0ac238615db4a74aac25cdaace1625475085b56c5b3c0ed:10,0x24a42fd28c976a61df5d00d0599c34c4f90748c8,0x8667dc23ffeb3467a3a15720ab2b9a013bc0db01,1092381451555595,63261944690189,2021-12-11 07:52:45,origination-fee-liquidation
129,0xaeacc71ea882bcf19af75ffdc72a3def964a9a9562d937ce5d027bbd6d427b56:10,0x24a42fd28c976a61df5d00d0599c34c4f90748c8,0x454c24b6044ad7cbe1040577127316615857f7e1,5500,312342744933,2021-12-10 18:35:00,origination-fee-liquidation
130,0x9a4c5e44986134b354beeda37e29276183dc63929e80b186c2e69fbf2a3b6b9f:10,0x24a42fd28c976a61df5d00d0599c34c4f90748c8,0xb50a98b218968d9d6ec895be6850ab2807b763dc,680390159769364,36961953488,2021-12-10 00:57:42,origination-fee-liquidation
131,0x38fd2f1191baa80520acf8e13b84a86d5c24381c283d4b6047d5684f3e6eaa89:10,0x24a42fd28c976a61df5d00d0599c34c4f90748c8,0xb50a98b218968d9d6ec895be6850ab2807b763dc,716,36260867062,2021-12-04 12:13:49,origination-fee-liquidation
132,0x4f248bc42b911e5d3a45fb34a8861177cf0173ce05e812d514312489ca654554:10,0x24a42fd28c976a61df5d00d0599c34c4f90748c8,0x63338aebc72fc70fb6a1327f7c1420cbdd9361e4,1900000000000000,109241437183877,2021-12-04 10:02:30,origination-fee-liquidation
133,0xd40dd8e8f5218ce0aa5f7a2411f7fc2f47e6d0d0874915c54d73de775fa32dd8:10,0x24a42fd28c976a61df5d00d0599c34c4f90748c8,0xa83c02e8675b662c92bab635de1dd69d265f4344,850000000000000,49957019407329,2021-12-04 09:03:54,origination-fee-liquidation
135,0x0fafe94230fd81d6bc72ac433b3fcbcca2cc26913c9d16e3e62abbb375a9418a:10,0x24a42fd28c976a61df5d00d0599c34c4f90748c8,0xa42e0bd7c9c7956eaad3eda50f02e0c5b418c29e,326249907641338103,18318107491602,2021-12-04 06:49:14,origination-fee-liquidation
134,0x0fba60f773fba75ebc6ff9e13ce573dbf215e0a7b05ab4d1e557241f93c54fb5:10,0x24a42fd28c976a61df5d00d0599c34c4f90748c8,0xd5175bac40fc20d7949e3cc918436440ab6e93ef,5000,32467752003138,2021-12-04 06:49:14,origination-fee-liquidation
136,0xedcf625652abe9a5a7f90d873ebe379d96d2ec6e8aa41b365a545c6764ba3659:10,0x24a42fd28c976a61df5d00d0599c34c4f90748c8,0xa42e0bd7c9c7956eaad3eda50f02e0c5b418c29e,50500,2852102790982,2021-12-04 06:41:58,origination-fee-liquidation
137,0xe899eb21831f63a624a3c4471d4210ca0a4b1f4822d665244faceb998e22ac45:10,0x24a42fd28c976a61df5d00d0599c34c4f90748c8,0x19654fbe6b0d05a68c3fadb833ce1fdc66f98b77,37354575125227763,10377835779862,2021-12-04 06:41:58,origination-fee-liquidation
138,0xa50176c7d081be7eea774ce446f5e383f2625c5d642369fb2abeddc4700f40dc:10,0x24a42fd28c976a61df5d00d0599c34c4f90748c8,0x13ecfdd96a4cdc95cffcfc1b6cb6c42d9fb673ae,3000,6,2021-12-04 06:41:58,origination-fee-liquidation
139,0xbecd2c80dd6d6771c78778a8421d2f3c6a2cd55938acd02e1882f244ccf8c0d3:10,0x24a42fd28c976a61df5d00d0599c34c4f90748c8,0xdfff43a407bf3468a27618b1dc1e87021234c420,155405,8892872653252,2021-12-04 06:38:12,origination-fee-liquidation
140,0xa5699cd5ddc1fb2360c67fa19091244e18e7a74f132d2d6ab23c55d65eb84efd:10,0x24a42fd28c976a61df5d00d0599c34c4f90748c8,0xdfff43a407bf3468a27618b1dc1e87021234c420,323534584179998440,18222098640260,2021-12-04 06:37:49,origination-fee-liquidation
141,0xe11bfe9cd765c66b64ccef0d4825ea3153b45bbaf6c2cb0050a2673b91df233b:10,0x24a42fd28c976a61df5d00d0599c34c4f90748c8,0x19654fbe6b0d05a68c3fadb833ce1fdc66f98b77,10,602752087936,2021-12-04 06:27:00,origination-fee-liquidation
142,0xdecf993f1b06498ac44edc2983ce0474f09fbd89db22ffca74ac46c58a16aecd:10,0x24a42fd28c976a61df5d00d0599c34c4f90748c8,0xe241ba6af0ef65aa7dfc4a8382e516deca5d3380,1000439768641388,1,2021-11-26 13:07:36,origination-fee-liquidation
143,0x3c1536b56add350736f7ab036622c4dccfca29f543c4a6634963266beb75c453:10,0x24a42fd28c976a61df5d00d0599c34c4f90748c8,0x63338aebc72fc70fb6a1327f7c1420cbdd9361e4,400000000000000,18506587866321,2021-11-26 12:22:47,origination-fee-liquidation
144,0x67c3924516bc17d520de5c293981dffcab004c5e2628017f812285427bed2a7c:10,0x24a42fd28c976a61df5d00d0599c34c4f90748c8,0x0e223a2a1951adf834b0dcffda3bc2bf373946c0,479585568773183,112167515200,2021-11-26 03:42:10,origination-fee-liquidation
145,0x0eb1fae69b56083285923a1e232cda0a4cf6e28bc9a85162c92c692c7d19ecd4:10,0x24a42fd28c976a61df5d00d0599c34c4f90748c8,0x8a8b74c51defe76a57ee066d341fe4eed306d4ed,1300000000000,197907440212576,2021-10-11 18:37:52,origination-fee-liquidation
146,0x829f1a13360e518c4b203744bb3926f8e071f5aab397bbbfd0947da2b53a7e2e:10,0x24a42fd28c976a61df5d00d0599c34c4f90748c8,0x8f749b149bc738b34606a94d5362839d2b56ea22,80249825531045,29563065987,2021-09-24 15:48:06,origination-fee-liquidation
147,0x83868599f4a2e1a2283ad73e3f2bbe5ac23ea06c1b4473f81c10b4a3429b8261:10,0x24a42fd28c976a61df5d00d0599c34c4f90748c8,0x738726961dabef11514ec9b75e0665ee0050ebc4,717,2,2021-09-24 13:10:55,origination-fee-liquidation
148,0xb1c1d32e3e55c917ff423417c170f10e1e6d7efe6c0337802dcffac85eb3cbda:10,0x24a42fd28c976a61df5d00d0599c34c4f90748c8,0x9cc74fc95f4abeca2398c27c7465542ea7f7639f,281,14044752340847,2021-09-22 06:32:50,origination-fee-liquidation
149,0x5d12c0dd8d131797b2b36dc1dbbb198b728208a4e0a4d625f6342247bcc1cac5:10,0x24a42fd28c976a61df5d00d0599c34c4f90748c8,0xa54b5d98b33e9fb8e0a9c9a0f3754e695da1b188,86820,249,2021-09-21 23:22:58,origination-fee-liquidation
150,0xa86fc382fb62b2c8b2ea3431f92fccbfccb9691c975d54956453a46a139507c8:10,0x24a42fd28c976a61df5d00d0599c34c4f90748c8,0x63338aebc72fc70fb6a1327f7c1420cbdd9361e4,3548343707319041,172829059258587,2021-09-21 02:26:47,origination-fee-liquidation
151,0xf903fa3be3c88e85f7cf2157c49c560d75454a5647bbb024fd9cba9beabbde4e:10,0x24a42fd28c976a61df5d00d0599c34c4f90748c8,0xdbfdd975cfe231cbeefde1ec0bcb2cb28bcca063,631,218338380825,2021-09-20 13:59:37,origination-fee-liquidation
152,0xc21c0ad528561796bdb6080edee342c884babb793fb96116ecabf287b660349b:10,0x24a42fd28c976a61df5d00d0599c34c4f90748c8,0x281302c016d9fa9bbed1980eeb82f3e5fdd1b3c1,614901701991515,202302937772,2021-09-18 06:53:24,origination-fee-liquidation
153,0xe5f3f19e9e89b3fef3eaed823f6400befb25ce063272618a26004fbea2853ec0:10,0x24a42fd28c976a61df5d00d0599c34c4f90748c8,0xaeb62dc6daa270c3f5792eed875334089651b338,3701926636,8254531093088,2021-07-24 09:42:12,origination-fee-liquidation
154,0xe5a52cd6aed957df65c1da8255f52e9b6855d732e558a14fe3b5f166c5126577:10,0x24a42fd28c976a61df5d00d0599c34c4f90748c8,0x4f7d7febce2896c44a667b8b785cdf32b01154f0,54,4413281221050,2021-07-21 03:55:12,origination-fee-liquidation
155,0x2bc9d426a56ad7c1a3813caf7180d81c7130183136b2a622eb1802797bd77990:10,0x24a42fd28c976a61df5d00d0599c34c4f90748c8,0x3de6a79c8d6be555e13c0816c78141329842b386,313,24867559082665,2021-07-21 02:25:34,origination-fee-liquidation
156,0x17cde4c1c805d4c322026881694192848f61743dd1714736ce97aaa949b3ea74:10,0x24a42fd28c976a61df5d00d0599c34c4f90748c8,0xd0cbede12fa67d20b715c5b1604926d9adc50d71,70,5656396930655,2021-07-20 14:00:13,origination-fee-liquidation
157,0x23300d4609e233e8bcb07a489303f945a20edf636692752c13ee447ba5520874:10,0x24a42fd28c976a61df5d00d0599c34c4f90748c8,0xee0c753f1ea84b0adde35fd45d1ba3691174010b,1,613560855871063,2021-07-20 12:54:31,origination-fee-liquidation
158,0xd515ce0cd4bd85be6ade17c18b2486b509f16a562390bb133edfa11efc77120a:10,0x24a42fd28c976a61df5d00d0599c34c4f90748c8,0xb222c27b2999d73abce3115bf400861e48bf1f32,4962,2977051140000,2021-07-20 09:40:26,origination-fee-liquidation
159,0xf22cabe9d806c057b7d1f35b912482e0ebbc2136d412aae0c0dd549d2e76d520:10,0x24a42fd28c976a61df5d00d0599c34c4f90748c8,0x8ca7ed9b02ec1e8beee868a32495ed5b157eee08,65080000000000,9209058807638625,2021-07-20 08:32:05,origination-fee-liquidation
160,0xb29145184684c362c2565eeadfbc990d09d38bb41ca3274bd160ee079bf86bfe:10,0x24a42fd28c976a61df5d00d0599c34c4f90748c8,0x694b5cb952b96dafb3c48bb31818bb9565b051f0,334,26986407004279,2021-07-20 06:16:14,origination-fee-liquidation
161,0x2b221e2f5af7e92d7edd451de7c73bf28f0ffc423ea28c4181e11b02f091f12f:10,0x24a42fd28c976a61df5d00d0599c34c4f90748c8,0x02eaa99393e802fae56bc7f66634ddb4757a19f0,90182381590404,52908555901,2021-07-20 03:16:44,origination-fee-liquidation
162,0x3e2cea4db0312597e2d845a8a2f43eb439ac428a4dfb5b38d9c80edc10892fa0:10,0x24a42fd28c976a61df5d00d0599c34c4f90748c8,0x819b4974cf21f7f261279fdb8ec01ebc8629635b,593,44515410691457,2021-07-19 14:39:32,origination-fee-liquidation
163,0x12b4fa61680e58f853773cc3ebefe8283d8d74b43e79e3a72ec852720ee1cbed:10,0x24a42fd28c976a61df5d00d0599c34c4f90748c8,0x107fe2152ee2f585711a6ea58f755d9a3b8ef119,1000000000000000,73658330858926,2021-07-19 14:35:37,origination-fee-liquidation
164,0x6afdd2989ff60df8cc2075da58aa011265d157712858ca31e8516027e5c661df:10,0x24a42fd28c976a61df5d00d0599c34c4f90748c8,0x229aa26280e5b22d856d3a9112fabe5f724e603b,50000000000,6797676430601,2021-07-17 10:30:36,origination-fee-liquidation
165,0xcffd50c65f3ba309aab64952021dd20840e24cdcd2e45b6ac03acec54b9e07e7:10,0x24a42fd28c976a61df5d00d0599c34c4f90748c8,0x3a2ef06078789cd0fe7d5fac894d80b17b0be210,250,17424789911766,2021-07-16 00:49:55,origination-fee-liquidation
166,0x1f565965c446606641260b249d578aeb43d8902c07b4c6f0c84b504e9b6f79eb:10,0x24a42fd28c976a61df5d00d0599c34c4f90748c8,0xef8a47c8da817fb5a9be047e2d2e30e964af4341,63,34523154666,2021-07-16 00:09:25,origination-fee-liquidation
167,0x1b6e482612b18d35602a11607d4e8c4f439af77ed57460acdfdc6c07cfe52c9b:10,0x24a42fd28c976a61df5d00d0599c34c4f90748c8,0xe25e044d1b59caf7c4bd7f7e2d7065d20292aa77,1370000000000000,714685112486,2021-07-13 07:13:31,origination-fee-liquidation
168,0x5c6d504057359d9a0843be5a3ef07ff36a72d6f28f107d7822f5f74f4323e58d:10,0x24a42fd28c976a61df5d00d0599c34c4f90748c8,0xf14fc29a5a686c112df2780427fb25c1e44ed84a,753015093862,9,2021-07-12 01:42:14,origination-fee-liquidation
169,0xe5a46e425f224548d8add7e8d609529c95d06d3ba7ca8cd0110326932980e01c:10,0x24a42fd28c976a61df5d00d0599c34c4f90748c8,0xf4e89c8349f7058e7856dd192d17ab55f6491a85,131117556169,17588940461694,2021-07-04 07:57:56,origination-fee-liquidation
170,0x3717f5e3b9364f9ee1c46a7cde08ac0b81e3993d37a0d70c81c62d4c87a266f9:10,0x24a42fd28c976a61df5d00d0599c34c4f90748c8,0xb4ae18a0eeba9448e5257a82c4347cbd655e84b2,28,81481797026859,2021-07-04 05:18:33,origination-fee-liquidation
171,0x9471cdea78be18ef618291f5295390b7b06417e328d8ce71ebc7d777312b2f5b:10,0x24a42fd28c976a61df5d00d0599c34c4f90748c8,0x18fc6e5341d57c757659b888db134c2eb366e97b,35207343252150,36607794902850,2021-07-03 15:39:38,origination-fee-liquidation
172,0x2c16dd802a9d45d02f3927676eb4f3a9ffc25f7a53b7d7e6a052fb3c63efbddc:10,0x24a42fd28c976a61df5d00d0599c34c4f90748c8,0x68a692606c58535f39c7fd7f39cc8a99697f7d72,32655691290956,241,2021-06-29 00:53:42,origination-fee-liquidation
173,0x64ae7c2a247f41b7edfff11691ab8e6267b4ad3dba4fd6ca9507d9bb8f9e44b6:10,0x24a42fd28c976a61df5d00d0599c34c4f90748c8,0xae8467dacc1772464de535a9b8c51d3551eb026b,36985157177357,20919514774,2021-06-27 11:18:15,origination-fee-liquidation
174,0xc5b374bea5f6518fb2e0d5d1ac801d52e8ee9878017aed7d7bdf9838efa02dea:10,0x24a42fd28c976a61df5d00d0599c34c4f90748c8,0x214ce2a5f7a43eb6e58c50994011dfa13132227c,110618034721742,116148936457829,2021-06-26 20:29:17,origination-fee-liquidation
175,0x9032225903402b3224b0cb9922254d244920157de8cb49e7d85c4979b721d77f:10,0x24a42fd28c976a61df5d00d0599c34c4f90748c8,0x21295f180d478b1c11e6388692ac47c0c44c2697,32079126336777,19016627323,2021-06-26 18:06:48,origination-fee-liquidation
176,0xdc1cc13d2feb95caea7f7f6b51ace7d8bfe272527df46c6d65048c53e8c49037:10,0x24a42fd28c976a61df5d00d0599c34c4f90748c8,0x1ff80c224cf7f42d715e4d7b2f6485aca06d54e0,68258777437569,4555824294733,2021-06-26 16:59:34,origination-fee-liquidation
177,0x1d42fa36b00c31cf9a130b9e99db07a6b2a48b7d332676adc57988229c8bd458:10,0x24a42fd28c976a61df5d00d0599c34c4f90748c8,0xfd0069bfee8017a9056987bfee2a1fed4b267b5a,82,48505594241077,2021-06-26 14:40:15,origination-fee-liquidation
178,0x9a01dd4b62c1ec16beb211d7919c3a21897ba67a6f9e30db31b6b395f6c1f3c7:10,0x24a42fd28c976a61df5d00d0599c34c4f90748c8,0x8d8d912fe4db5917da92d14fea05225b803c359c,262,159613020000,2021-06-26 10:30:51,origination-fee-liquidation
179,0x4817dc27f067c4505e709bb8d7431a455b933c425fba909ff5fd3ddb2780e43a:10,0x24a42fd28c976a61df5d00d0599c34c4f90748c8,0x9a3b2cbcf9c40df88269159dd7be5a528a48f831,700000000000000,414171968839,2021-06-26 09:18:59,origination-fee-liquidation
180,0x495f3fd8c0fe38d8ccf866968af03d02d2dd6386c2ffe3afe5530d78f4c405af:10,0x7fd53085b9a29d236235d6fc593b47c9c33429f1,0xa0bb038a8981fc526fecf3fcea8701312d932e86,13736569,10344331651412321,2021-06-26 08:19:58,origination-fee-liquidation
181,0x91e9c9a62b07a63b942dc2c233472e1afc69e000b105baa6d0b8f2cee6f075c1:10,0x24a42fd28c976a61df5d00d0599c34c4f90748c8,0x41019a0cbc563baa587b5baf66c429f923ddb46e,102178441736375,57567476316610,2021-06-25 15:18:26,origination-fee-liquidation
182,0x2425a30ddd9b468b82b65e232f863be905e04912cd9b8ec1d1927d1e04db60b7:10,0x24a42fd28c976a61df5d00d0599c34c4f90748c8,0x76afd547c5178d1b9b7a4123e298c39f49884e39,17237,9287967843000,2021-06-24 13:53:28,origination-fee-liquidation
183,0x25bcf530bca1858aa878ced80667c8fd6fa74120f6820c219cfa41b102600927:10,0x24a42fd28c976a61df5d00d0599c34c4f90748c8,0x6aa3ca2f257f2edebd6a1934e5b614fe8822fce8,313592783309240,161,2021-06-24 07:47:33,origination-fee-liquidation
184,0x126602272c2dc7792d8c74bc9eec0613a428dd4c06f3c7733bea8b90b18522ed:10,0x24a42fd28c976a61df5d00d0599c34c4f90748c8,0x8d8d912fe4db5917da92d14fea05225b803c359c,230525828628966,132083000874,2021-06-23 02:19:21,origination-fee-liquidation
185,0x341fe2b5911e7ac4ed7419b83c6eedee76d6cdfa8f81510092d825c65153c1bf:10,0x24a42fd28c976a61df5d00d0599c34c4f90748c8,0xdbfdd975cfe231cbeefde1ec0bcb2cb28bcca063,306404924388241,173734809378,2021-06-23 02:11:11,origination-fee-liquidation
186,0xa5cae45d210b9786cf010389c9340220a24069eb9504e0d1bf95ac6c3ed2a9fd:10,0x24a42fd28c976a61df5d00d0599c34c4f90748c8,0xf2fd7673e6449fb79e8fb7ac95aa61611ba182fa,162,141658165069028,2021-06-22 21:40:46,origination-fee-liquidation
187,0xa84f7406655912ea516ac6d0af17365fdd5b18dd93b41200df62deda1eef5097:10,0x24a42fd28c976a61df5d00d0599c34c4f90748c8,0x0d9f4d0dabbfa76a5ccec6a1542326ca3da57ae5,3000000000000000,1836172443672,2021-06-22 15:57:28,origination-fee-liquidation
188,0x436f42da44aa182d339463d3317c43cdae8375f9e15662cd68cab90c64edd7eb:10,0x24a42fd28c976a61df5d00d0599c34c4f90748c8,0x3dad94e5287e477ecc379227b5c9f9139e564fd8,5304,386937245463763,2021-06-22 15:56:16,origination-fee-liquidation
189,0x19a37c91f6647ec0e7cccd520197e873013edde99b579894561b68dc4dc626e3:10,0x24a42fd28c976a61df5d00d0599c34c4f90748c8,0x55a0fdc312aa89d712cf6338d2f985a38f5d9ac1,235296,144340331184000,2021-06-22 15:56:16,origination-fee-liquidation
190,0x28582a8337dce02ec81e89413ae3ab6b621404b5ca4974b2685255ca7a629d6b:10,0x24a42fd28c976a61df5d00d0599c34c4f90748c8,0x6b3a6e624e660dbb69f4cf2fd3bba760e8ebad56,2500000000000000,1514625000000,2021-06-22 15:51:10,origination-fee-liquidation
191,0xe652fa3d3da5f8e5b937f1410551c9098a61ad22ad2dc9f7e1d2a701d18c3444:10,0x24a42fd28c976a61df5d00d0599c34c4f90748c8,0xe7a6b9d6ec7cdea7487d6d1d83e0fb254d7b9653,181,7961456215,2021-06-22 15:25:15,origination-fee-liquidation
192,0xc53f1130a3a46f96698e998cdd02371c5ebdee997e6ec83866bc5171021a88cd:10,0x24a42fd28c976a61df5d00d0599c34c4f90748c8,0x022a29ebe2be30f0c7ffc7dc9c51ffd3714762d0,199700000000000000,767,2021-06-22 14:44:41,origination-fee-liquidation
193,0x60587d4e866cc0797b902900e0703efbe3d18515c50a48b67f92ddfef765357e:10,0x24a42fd28c976a61df5d00d0599c34c4f90748c8,0x148b28ab1b5f6d58958e59009a795d53b05b10cf,1250,7923865362320,2021-06-22 14:40:54,origination-fee-liquidation
194,0x4f34435665b3c707dbd23e829bc3b4b726457c79a4ac158db166a7c4f859f72a:10,0x24a42fd28c976a61df5d00d0599c34c4f90748c8,0x55fcc8881349c7e677ae3140999f52f5a2db54f5,1103,6992018795711,2021-06-22 14:40:54,origination-fee-liquidation
195,0xcfb24bc9e0c32b1eeead0ed3f84a9baf87d718d5964ea9d653c31674766eb8ac:10,0x24a42fd28c976a61df5d00d0599c34c4f90748c8,0x2d220b022e0b1c16a114f800662993e16019d8b4,571,39342904895449,2021-06-22 14:12:49,origination-fee-liquidation
196,0xba8bc2cdab3489f0005b156682588805e48e1701d0c082f0ce54c5c5fe1aecae:10,0x24a42fd28c976a61df5d00d0599c34c4f90748c8,0x0b3492cb3ce07cd3d04ed6d41e40687b688b7a7b,21000,1426366960529924,2021-06-22 14:06:23,origination-fee-liquidation
197,0xb3c4f644862faed957f67351724c28057e040b936b3dd18ab28af31ded3508e1:10,0x24a42fd28c976a61df5d00d0599c34c4f90748c8,0x864e9ef223c2ac3f57bb12389bde47cb49d018e8,302,20095994784636,2021-06-22 12:15:34,origination-fee-liquidation
198,0x0162bdc95119ae60c4e430eac78a82cc52ee3988f3d4cffcad6dcc982bd2d7dc:10,0x24a42fd28c976a61df5d00d0599c34c4f90748c8,0x69d7f09bf046cab22cf4c678f5cc6b8fa71a313a,2447,163526574162257,2021-06-22 12:15:34,origination-fee-liquidation
199,0x11429d75231fd9a7424dee6b4ea8c84ec505b165758340c73be1830bc4884181:10,0x24a42fd28c976a61df5d00d0599c34c4f90748c8,0x231a19c04c6b314a395c915ffcf5d49e1e95cc34,160000000000,19935858702270,2021-06-22 12:13:24,origination-fee-liquidation
200,0xc15fba5a50c0e8860bf451445b238280756effc055eeb809b5b61b12f0bbe281:10,0x24a42fd28c976a61df5d00d0599c34c4f90748c8,0x37ba0d42fb30c1d86b2ffb0d0ed8caf378163dcb,510382557938226,33710474196035,2021-06-22 11:40:33,origination-fee-liquidation
201,0x018a9a3da3fd297843011341b354ac438339ec4601eeb8c32a35ed1577101b70:10,0x24a42fd28c976a61df5d00d0599c34c4f90748c8,0x19b39b2c227116531f2dec9d7282374f1bb4041d,254,15540268376161,2021-06-22 07:43:42,origination-fee-liquidation
202,0x30e9c5acceee1d9793a2d3c074594ee3d2083918f525f6d2c77d0d1232964336:10,0x24a42fd28c976a61df5d00d0599c34c4f90748c8,0x9f4c4d2263dff4531499562b78dbe0bdd3f1a6cb,311,19858953145889,2021-06-22 02:56:00,origination-fee-liquidation
203,0x2c71e46464a5c68908828159b9d8a200017278e6bbaaaa7d2baf897aa6fbe2b9:10,0x24a42fd28c976a61df5d00d0599c34c4f90748c8,0x3a2ef06078789cd0fe7d5fac894d80b17b0be210,350000000000000,22609501772715,2021-06-22 02:55:23,origination-fee-liquidation
204,0x592524e38c1641f252fda5f9ef3b36729c199f1f009dfabdc0457edc64a77ed1:10,0x24a42fd28c976a61df5d00d0599c34c4f90748c8,0x0efb605dbb1f99b65d020cd0a672ca3d0f92d4a8,800,449341200000,2021-06-22 02:20:47,origination-fee-liquidation
205,0x899de12e5e77d3ccf77526c31f067a39eaa3706d6c29150cc5bb085f412463a1:10,0x24a42fd28c976a61df5d00d0599c34c4f90748c8,0xeaa593ade3570a12e9c68522bae65278a45e41ec,23000,1454148223532379,2021-06-22 00:52:33,origination-fee-liquidation
206,0xe71a927a76349d9d9cabc823944b9213b23199bec25f18f664a269188c7612d0:10,0x24a42fd28c976a61df5d00d0599c34c4f90748c8,0x0db15b403ae023b1c9b07e95d9294710514292ac,340,1,2021-06-21 23:59:50,origination-fee-liquidation
207,0x4906159c1495ad5a0b83851597d0ddacfa63e566b8da011aea6f772f31eae523:10,0x24a42fd28c976a61df5d00d0599c34c4f90748c8,0x44b97b5ca0d8ca50de1fcf2f640a9bd41c7421de,1190,2617741455216002,2021-06-21 23:46:41,origination-fee-liquidation
208,0xfb1d63bffc71c29fcd22b107f40229fd8683f0ff34381699e1b61e16b1ffff88:10,0x24a42fd28c976a61df5d00d0599c34c4f90748c8,0x3e81e51dc494396e01404c7cca1c9f30dfd661f5,79,4746399923106,2021-06-21 20:42:36,origination-fee-liquidation
209,0x05bfc07f79686aa898c8c37347a5058a09ece68cd70a046eb69b630a6e9231be:10,0x24a42fd28c976a61df5d00d0599c34c4f90748c8,0xb6bf3d48e0808eef3a5fbc92bb470aa17b67ee9e,130,70870800000,2021-06-21 20:04:30,origination-fee-liquidation
210,0x0bb7195421931f30b00a93d17df953784f925a797d5069826c636cba2cd44798:10,0x24a42fd28c976a61df5d00d0599c34c4f90748c8,0xe9e143978494e75b2b46e0264eae51d703b9de4e,100,54212142052,2021-06-21 13:15:33,origination-fee-liquidation
211,0x1b0b044d4f1622c981bfe644730900aae8caadad6346e85d573fc5f0ea0e6dfa:10,0x24a42fd28c976a61df5d00d0599c34c4f90748c8,0xa33c7f924399b59a8ee627388a108beab5e12eaf,510000000000000,18661146866,2021-06-21 13:01:51,origination-fee-liquidation
212,0xf33113f3834fc3c23490c820d5ab9034fb843e26510131805f52e0bee770102d:10,0x24a42fd28c976a61df5d00d0599c34c4f90748c8,0xfa811980282df5f506474a187cfbff449092e2c1,250,14827033116195,2021-06-21 12:44:09,origination-fee-liquidation
213,0xd10d524534612efe480ee3b76d49bb6ccca069710dd88515f5967381a986f8e0:10,0x24a42fd28c976a61df5d00d0599c34c4f90748c8,0x86683cb61bb9ebb8893db3b82271166879c2502d,435,224820143775,2021-06-21 08:40:14,origination-fee-liquidation
214,0x97e934e33b5377a8060a37b212df70cc994541a6a89e899a6ab860446eae854a:10,0x24a42fd28c976a61df5d00d0599c34c4f90748c8,0x555ddc2f055ec8feb832098c4109b9e04a4af111,358921712473891,12650607693,2021-06-21 08:34:19,origination-fee-liquidation
215,0xa1e46546012ccc0edd6c7e4c01a300be085c6b4fd69be883855ca7d219085b94:10,0x24a42fd28c976a61df5d00d0599c34c4f90748c8,0x90b30f9387d67a1f722a600029d2f7615c2e0e70,1150,2204874190012897,2021-06-21 08:33:45,origination-fee-liquidation
216,0x2d62904139bd1b687f88f8baff56e7dcb0d511748bca2ccb2de65dd7eff92b28:10,0x24a42fd28c976a61df5d00d0599c34c4f90748c8,0xa25a9b7c73158b3b34215925796ce6aa8100c13a,18369,1024117477403201,2021-06-21 08:33:45,origination-fee-liquidation
217,0x4c41a2230a4f94d653312961f9f1e225492e040392a13ef5c04ea6a26a29daaf:10,0x24a42fd28c976a61df5d00d0599c34c4f90748c8,0x623f0039838b3512f3986fe65158fbbacc1b813c,3,1413319459,2021-06-21 02:48:27,origination-fee-liquidation
218,0x483d1e0a9592371bf015b6f10eadfb0e972985454828616e021a444ca391553f:10,0x24a42fd28c976a61df5d00d0599c34c4f90748c8,0x614608f5b513e1e6b337afd162da9935d0215b7e,100000000000000,5698689345505,2021-06-20 14:39:29,origination-fee-liquidation
219,0x54046f2061242716823d69ab8741ede664591ba9fe52758758d312cece471ead:10,0x24a42fd28c976a61df5d00d0599c34c4f90748c8,0x381712d37b333164aee06f26293a45339359c140,370,189082950000,2021-06-20 14:22:10,origination-fee-liquidation
220,0x4dc6722b6106a14847676cbf5aa548903f6b8b7756efb7deac7d5611db526976:10,0x24a42fd28c976a61df5d00d0599c34c4f90748c8,0xa25a9b7c73158b3b34215925796ce6aa8100c13a,291,1,2021-06-20 14:21:36,origination-fee-liquidation
221,0x5ad84880a5e16f8af04e5adcc055d2d8768052b7e14c8cf8be09a773c2e4918c:10,0x24a42fd28c976a61df5d00d0599c34c4f90748c8,0x11a73c4fd819ebcad10db9d212f8471ba8a5b646,49,24533932500,2021-06-20 13:29:01,origination-fee-liquidation
222,0x93c21b8ff20f20caf349f03afd80aa1483365df4e17130c3663331058c5ea511:10,0x24a42fd28c976a61df5d00d0599c34c4f90748c8,0xfd0069bfee8017a9056987bfee2a1fed4b267b5a,154561029482148,8631178454080,2021-06-20 12:42:44,origination-fee-liquidation
223,0x988c6d2d8011d79be087377c4607b3bd2784db32378f20567fd5af71f8401faa:10,0x24a42fd28c976a61df5d00d0599c34c4f90748c8,0x02eaa99393e802fae56bc7f66634ddb4757a19f0,1039,514881856060,2021-06-20 12:22:48,origination-fee-liquidation
224,0xaa45dd91ce65635a56fe1e738bc7cd2db3c92932c808970fefa400e0a3ebfd26:10,0x24a42fd28c976a61df5d00d0599c34c4f90748c8,0xe292ef9c14333e7b64c482a34cf44977e8a6cbb2,683221367856097,80378751205089811,2021-06-20 12:08:24,origination-fee-liquidation
225,0x57a1afdb7b0964ad319129e4ef496009db66a6bd5be198c6d8f03223b84223f4:10,0x24a42fd28c976a61df5d00d0599c34c4f90748c8,0xdbfdd975cfe231cbeefde1ec0bcb2cb28bcca063,2301,1117713051000,2021-06-20 02:27:12,origination-fee-liquidation
226,0x04cc7309ab760004fc22de51508cf475eff31efbbc86d6f1ff09b38b5dee537c:10,0x24a42fd28c976a61df5d00d0599c34c4f90748c8,0x43e5959343cd9154080c235c16fbb4bbd7f83e70,38,1970634863159,2021-06-19 08:03:47,origination-fee-liquidation
227,0x1dafc92fb822068d243eb00954ed06f8b354de8e48bb48d2f6bdfa0ed6573b0e:10,0x24a42fd28c976a61df5d00d0599c34c4f90748c8,0x3691eccdcbab470bb47c41a04319f689669be728,70000000000000,3650051904117,2021-06-19 00:29:15,origination-fee-liquidation
228,0x171d8bb28b0698af10f2179d6c2c103cfc5f00ca8377c05d2b8529325b7a7cef:10,0x24a42fd28c976a61df5d00d0599c34c4f90748c8,0x2a25ea7f6f6e82957e7ca223f229a3b4516a8579,12095630108,12700411613,2021-06-18 20:14:51,origination-fee-liquidation
229,0x5129a3c36e071e1b9acfa59e940b2943336d312348ffb8699392def38f9a90a4:10,0x24a42fd28c976a61df5d00d0599c34c4f90748c8,0xa1acaddd259649d470b42c95738e5e89c8d8a233,219976478,300437135088,2021-06-18 18:33:55,origination-fee-liquidation
230,0xb3b2d17d637d0f9674094fa230ddede982339cc889f6460c4961b2ccb66bb9ad:10,0x24a42fd28c976a61df5d00d0599c34c4f90748c8,0xa25a9b7c73158b3b34215925796ce6aa8100c13a,514200,243017339679768,2021-06-18 17:53:08,origination-fee-liquidation
231,0x61c0124ef322f2bf32aa91f7838ef5e1f0de0937a20644931d4e18241d78ae84:10,0x24a42fd28c976a61df5d00d0599c34c4f90748c8,0x02eaa99393e802fae56bc7f66634ddb4757a19f0,320620315221666,151119384054,2021-06-18 17:51:52,origination-fee-liquidation
232,0x2ea14b042525fd14c50ab6c5c50ab76ad00cc4b5db0624e8b4d48f62fbe471c3:10,0x24a42fd28c976a61df5d00d0599c34c4f90748c8,0xd9c6c434e7ec14021e49916cd3d845a87a39f89a,75225776108394,67699244141,2021-06-17 05:07:25,origination-fee-liquidation
233,0xdddd7407afbf6a1d54d5054c6a0651ab34bd4eb94ca5de8a7c96b878ecd10d38:10,0x24a42fd28c976a61df5d00d0599c34c4f90748c8,0x9836bf0039276d6df2a0f4fb351de7c6c06b8ec8,136285189331085,59156571435,2021-06-17 04:22:12,origination-fee-liquidation
234,0xb8f7ea8fed8a4e2d77f73e5a908bb2a4eec2b59e63c2ffa17322a28b5d0f8dde:10,0x24a42fd28c976a61df5d00d0599c34c4f90748c8,0x623f0039838b3512f3986fe65158fbbacc1b813c,30000000000000,12495420000,2021-06-15 22:50:05,origination-fee-liquidation
235,0x656257a5f23d5e067d952956c6e4d2c67c5d08b6a343298513484ee3736dc43f:10,0x24a42fd28c976a61df5d00d0599c34c4f90748c8,0x6744a9c6e3a9b8f7243ace5b20d51a500fcd0353,4962,2006409510000,2021-06-15 05:17:43,origination-fee-liquidation
236,0xff9a7f57bbe4cae793a0748b69ea94e84b19401ead4a10476125ed6a1f0e82fc:10,0x24a42fd28c976a61df5d00d0599c34c4f90748c8,0xdd5b272c114a6f4ad2a0c77f16b59363cb4a1669,3900000000000,3,2021-06-14 13:14:16,origination-fee-liquidation
237,0x59a355a94f68dad179f9530a530c1c5d1d9bb84cfb17453d955a17fe3486fd45:10,0x24a42fd28c976a61df5d00d0599c34c4f90748c8,0xd315dd16087cb6ab36a9ba1b7048803d206e6d17,14157461789405,36723572417488696,2021-06-14 13:09:09,origination-fee-liquidation
